"SNP","Chromosome","Position","P.value","maf","nobs","Rsquare.of.Model.without.SNP","Rsquare.of.Model.with.SNP","FDR_Adjusted_P-values","effect"
"1","BOPA1_41_695",4,100.6,8.98229662384702e-44,0.211565585331453,1418,NA,NA,5.12799314255426e-40,NA
"2","BOPA1_3652_872",4,101.4,1.01585561188627e-12,0.208392101551481,1418,NA,NA,2.89975984412936e-09,NA
"3","SCRI_RS_13454",4,113.7,7.25237686119722e-11,0.0310296191819464,1418,NA,NA,1.38012731668583e-07,NA
"4","SCRI_RS_122057",4,99.1,1.8588205899975e-09,0.0701692524682652,1418,NA,NA,2.65300168707394e-06,NA
"5","SCRI_RS_179398",4,103.9,5.18927846816719e-09,0.138575458392102,1418,NA,NA,5.9251181549533e-06,NA
"6","BOPA2_12_11233",4,103.9,1.20042962788119e-08,0.106840620592384,1418,NA,NA,1.14220879092896e-05,NA
"7","SCRI_RS_157866",4,110.7,1.61084203018502e-08,0.0461918194640338,1418,NA,NA,1.3137567357609e-05,NA
"8","SCRI_RS_99798",4,113.4,2.28158906239629e-08,0.102256699576869,1418,NA,NA,1.62819899465255e-05,NA
"9","SCRI_RS_110189",3,2.75,5.12068325501036e-07,0.0606488011283498,1418,NA,NA,0.00032482200780949,NA
"10","SCRI_RS_14487",4,99.1,5.76489093966025e-06,0.101904090267983,1418,NA,NA,0.00329117623745203,NA
"11","SCRI_RS_237950",5,107.6,7.06460736038678e-06,0.117066290550071,1418,NA,NA,0.00366653122004074,NA
"12","BOPA2_12_30987",4,100.6,7.72357982397682e-06,0.201692524682652,1418,NA,NA,0.00367449310125697,NA
